week_start_date,region,ili_rate,positive_cases,flu_activity_level
2018-01-01,North,6.56,290,High
2018-01-08,North,6.72,328,High
2018-01-15,North,11.47,522,Very High
2018-01-22,North,10.17,482,Very High
2018-01-29,North,9.34,486,Very High
2018-02-05,North,8.74,444,Very High
2018-02-12,North,7.56,412,High
2018-02-19,North,6.83,349,High
2018-02-26,North,5.94,272,High
2018-03-05,North,5.5,223,Medium
2018-03-12,North,4.97,251,Medium
2018-03-19,North,4.27,185,Medium
2018-03-26,North,3.84,176,Medium
2018-04-02,North,4.32,173,Medium
2018-04-09,North,3.51,146,Medium
2018-04-16,North,3.96,179,Medium
2018-04-23,North,3.88,202,Medium
2018-04-30,North,3.75,167,Medium
2018-05-07,North,3.73,185,Medium
2018-05-14,North,3.73,154,Medium
2018-05-21,North,3.67,188,Medium
2018-05-28,North,3.86,193,Medium
2018-06-04,North,3.53,161,Medium
2018-06-11,North,3.42,138,Medium
2018-06-18,North,4.17,205,Medium
2018-06-25,North,3.98,189,Medium
2018-07-02,North,3.53,172,Medium
2018-07-09,North,3.85,182,Medium
2018-07-16,North,3.92,151,Medium
2018-07-23,North,3.48,144,Medium
2018-07-30,North,3.58,187,Medium
2018-08-06,North,3.25,126,Medium
2018-08-13,North,3.82,164,Medium
2018-08-20,North,3.88,184,Medium
2018-08-27,North,3.7,182,Medium
2018-09-03,North,3.53,183,Medium
2018-09-10,North,3.41,130,Medium
2018-09-17,North,3.51,176,Medium
2018-09-24,North,3.81,155,Medium
2018-10-01,North,3.65,148,Medium
2018-10-08,North,3.8,173,Medium
2018-10-15,North,3.61,155,Medium
2018-10-22,North,3.62,159,Medium
2018-10-29,North,3.14,125,Medium
2018-11-05,North,3.29,176,Medium
2018-11-12,North,3.33,141,Medium
2018-11-19,North,4.1,209,Medium
2018-11-26,North,3.9,178,Medium
2018-12-03,North,3.57,141,Medium
2018-12-10,North,3.52,161,Medium
2018-12-17,North,6.68,288,High
2018-12-24,North,7.26,297,High
2018-12-31,North,6.4,325,High
2019-01-07,North,5.25,237,Medium
2019-01-14,North,5.05,242,Medium
2019-01-21,North,8.74,344,Very High
2019-01-28,North,8.24,318,Very High
2019-02-04,North,7.89,344,High
2019-02-11,North,6.75,268,High
2019-02-18,North,5.43,222,Medium
2019-02-25,North,4.82,230,Medium
2019-03-04,North,4.07,195,Medium
2019-03-11,North,4.0,217,Medium
2019-03-18,North,3.37,172,Medium
2019-03-25,North,3.76,174,Medium
2019-04-01,North,4.32,232,Medium
2019-04-08,North,2.84,130,Low
2019-04-15,North,3.21,140,Medium
2019-04-22,North,2.94,133,Low
2019-04-29,North,3.01,156,Medium
2019-05-06,North,3.1,125,Medium
2019-05-13,North,2.68,106,Low
2019-05-20,North,2.87,122,Low
2019-05-27,North,3.14,158,Medium
2019-06-03,North,3.09,122,Medium
2019-06-10,North,2.87,120,Low
2019-06-17,North,2.7,128,Low
2019-06-24,North,3.78,197,Medium
2019-07-01,North,3.33,144,Medium
2019-07-08,North,3.37,144,Medium
2019-07-15,North,2.99,126,Low
2019-07-22,North,2.81,114,Low
2019-07-29,North,2.88,130,Low
2019-08-05,North,2.59,137,Low
2019-08-12,North,3.59,190,Medium
2019-08-19,North,3.0,140,Low
2019-08-26,North,3.5,178,Medium
2019-09-02,North,2.9,128,Low
2019-09-09,North,3.19,161,Medium
2019-09-16,North,3.1,167,Medium
2019-09-23,North,2.56,102,Low
2019-09-30,North,3.64,147,Medium
2019-10-07,North,2.91,140,Low
2019-10-14,North,2.65,114,Low
2019-10-21,North,3.27,178,Medium
2019-10-28,North,3.04,122,Medium
2019-11-04,North,3.16,132,Medium
2019-11-11,North,3.07,152,Medium
2019-11-18,North,2.32,108,Low
2019-11-25,North,2.74,131,Low
2019-12-02,North,2.73,141,Low
2019-12-09,North,3.36,169,Medium
2019-12-16,North,6.09,244,High
2019-12-23,North,6.18,276,High
2019-12-30,North,5.68,263,High
2020-01-06,North,7.04,381,High
2020-01-13,North,6.32,339,High
2020-01-20,North,11.04,523,Very High
2020-01-27,North,10.39,413,Very High
2020-02-03,North,9.43,425,Very High
2020-02-10,North,9.29,447,Very High
2020-02-17,North,7.13,368,High
2020-02-24,North,6.03,309,High
2020-03-02,North,5.89,234,High
2020-03-09,North,4.92,253,Medium
2020-03-16,North,3.95,185,Medium
2020-03-23,North,4.0,210,Medium
2020-03-30,North,4.92,221,Medium
2020-04-06,North,3.69,181,Medium
2020-04-13,North,3.29,150,Medium
2020-04-20,North,4.6,193,Medium
2020-04-27,North,3.44,178,Medium
2020-05-04,North,4.83,188,Medium
2020-05-11,North,3.67,148,Medium
2020-05-18,North,4.4,190,Medium
2020-05-25,North,3.71,199,Medium
2020-06-01,North,3.95,169,Medium
2020-06-08,North,3.75,149,Medium
2020-06-15,North,3.71,144,Medium
2020-06-22,North,3.88,150,Medium
2020-06-29,North,3.96,196,Medium
2020-07-06,North,3.85,167,Medium
2020-07-13,North,3.81,201,Medium
2020-07-20,North,3.54,137,Medium
2020-07-27,North,3.76,158,Medium
2020-08-03,North,4.35,195,Medium
2020-08-10,North,3.53,156,Medium
2020-08-17,North,3.89,154,Medium
2020-08-24,North,4.21,163,Medium
2020-08-31,North,3.96,157,Medium
2020-09-07,North,4.12,219,Medium
2020-09-14,North,3.41,175,Medium
2020-09-21,North,3.89,190,Medium
2020-09-28,North,3.69,148,Medium
2020-10-05,North,3.71,173,Medium
2020-10-12,North,4.31,197,Medium
2020-10-19,North,3.71,181,Medium
2020-10-26,North,3.9,157,Medium
2020-11-02,North,3.18,143,Medium
2020-11-09,North,4.4,194,Medium
2020-11-16,North,4.1,178,Medium
2020-11-23,North,3.77,187,Medium
2020-11-30,North,3.68,199,Medium
2020-12-07,North,4.0,184,Medium
2020-12-14,North,4.21,198,Medium
2020-12-21,North,8.13,399,Very High
2020-12-28,North,7.58,356,High
2021-01-04,North,6.46,277,High
2021-01-11,North,6.36,263,High
2021-01-18,North,10.71,563,Very High
2021-01-25,North,9.79,474,Very High
2021-02-01,North,9.2,463,Very High
2021-02-08,North,8.28,446,Very High
2021-02-15,North,7.09,385,High
2021-02-22,North,6.09,292,High
2021-03-01,North,5.75,296,High
2021-03-08,North,4.57,193,Medium
2021-03-15,North,4.03,159,Medium
2021-03-22,North,4.22,201,Medium
2021-03-29,North,4.09,187,Medium
2021-04-05,North,3.83,195,Medium
2021-04-12,North,3.77,174,Medium
2021-04-19,North,2.85,153,Low
2021-04-26,North,3.74,149,Medium
2021-05-03,North,4.04,198,Medium
2021-05-10,North,3.81,194,Medium
2021-05-17,North,3.79,165,Medium
2021-05-24,North,3.59,182,Medium
2021-05-31,North,3.6,159,Medium
2021-06-07,North,3.45,140,Medium
2021-06-14,North,3.64,196,Medium
2021-06-21,North,3.13,139,Medium
2021-06-28,North,4.02,190,Medium
2021-07-05,North,3.22,164,Medium
2021-07-12,North,3.8,168,Medium
2021-07-19,North,3.97,199,Medium
2021-07-26,North,3.8,152,Medium
2021-08-02,North,4.32,210,Medium
2021-08-09,North,2.8,134,Low
2021-08-16,North,3.35,127,Medium
2021-08-23,North,3.96,206,Medium
2021-08-30,North,3.07,140,Medium
2021-09-06,North,3.23,139,Medium
2021-09-13,North,3.69,189,Medium
2021-09-20,North,3.01,165,Medium
2021-09-27,North,3.52,150,Medium
2021-10-04,North,3.67,145,Medium
2021-10-11,North,3.55,140,Medium
2021-10-18,North,3.59,138,Medium
2021-10-25,North,3.26,131,Medium
2021-11-01,North,3.57,147,Medium
2021-11-08,North,3.37,165,Medium
2021-11-15,North,3.41,129,Medium
2021-11-22,North,3.8,183,Medium
2021-11-29,North,3.05,128,Medium
2021-12-06,North,2.69,104,Low
2021-12-13,North,3.77,202,Medium
2021-12-20,North,7.05,351,High
2021-12-27,North,7.27,281,High
2022-01-03,North,4.21,169,Medium
2022-01-10,North,4.16,210,Medium
2022-01-17,North,7.29,382,High
2022-01-24,North,6.61,333,High
2022-01-31,North,5.94,253,High
2022-02-07,North,5.91,323,High
2022-02-14,North,4.52,175,Medium
2022-02-21,North,4.04,156,Medium
2022-02-28,North,3.84,192,Medium
2022-03-07,North,3.78,149,Medium
2022-03-14,North,2.93,160,Low
2022-03-21,North,2.64,135,Low
2022-03-28,North,2.63,125,Low
2022-04-04,North,2.71,146,Low
2022-04-11,North,2.39,114,Low
2022-04-18,North,2.84,139,Low
2022-04-25,North,2.83,114,Low
2022-05-02,North,2.39,107,Low
2022-05-09,North,3.11,124,Medium
2022-05-16,North,2.45,104,Low
2022-05-23,North,2.8,126,Low
2022-05-30,North,2.54,123,Low
2022-06-06,North,2.53,113,Low
2022-06-13,North,1.86,89,Low
2022-06-20,North,2.03,78,Low
2022-06-27,North,2.32,106,Low
2022-07-04,North,2.81,133,Low
2022-07-11,North,2.54,126,Low
2022-07-18,North,2.32,113,Low
2022-07-25,North,2.64,135,Low
2022-08-01,North,2.79,126,Low
2022-08-08,North,2.42,106,Low
2022-08-15,North,2.5,126,Low
2022-08-22,North,2.45,131,Low
2022-08-29,North,2.4,112,Low
2022-09-05,North,2.15,93,Low
2022-09-12,North,2.12,98,Low
2022-09-19,North,2.63,103,Low
2022-09-26,North,2.8,109,Low
2022-10-03,North,2.32,101,Low
2022-10-10,North,2.31,100,Low
2022-10-17,North,1.78,68,Low
2022-10-24,North,1.72,90,Low
2022-10-31,North,2.9,117,Low
2022-11-07,North,2.17,86,Low
2022-11-14,North,1.38,75,Low
2022-11-21,North,3.27,167,Medium
2022-11-28,North,2.22,110,Low
2022-12-05,North,1.87,83,Low
2022-12-12,North,2.45,93,Low
2022-12-19,North,5.11,239,Medium
2022-12-26,North,4.96,202,Medium
2023-01-02,North,7.79,427,High
2023-01-09,North,6.68,349,High
2023-01-16,North,12.57,507,Very High
2023-01-23,North,11.9,531,Very High
2023-01-30,North,11.01,559,Very High
2023-02-06,North,9.57,439,Very High
2023-02-13,North,8.3,340,Very High
2023-02-20,North,7.27,281,High
2023-02-27,North,6.0,257,High
2023-03-06,North,5.62,269,High
2023-03-13,North,4.39,173,Medium
2023-03-20,North,4.21,220,Medium
2023-03-27,North,4.58,224,Medium
2023-04-03,North,4.21,214,Medium
2023-04-10,North,4.24,187,Medium
2023-04-17,North,4.34,189,Medium
2023-04-24,North,4.19,193,Medium
2023-05-01,North,4.13,216,Medium
2023-05-08,North,3.99,213,Medium
2023-05-15,North,3.75,196,Medium
2023-05-22,North,3.57,166,Medium
2023-05-29,North,3.83,152,Medium
2023-06-05,North,3.98,213,Medium
2023-06-12,North,4.02,165,Medium
2023-06-19,North,4.32,178,Medium
2023-06-26,North,3.95,212,Medium
2023-07-03,North,4.2,181,Medium
2023-07-10,North,3.5,133,Medium
2023-07-17,North,4.1,204,Medium
2023-07-24,North,4.07,222,Medium
2023-07-31,North,4.47,206,Medium
2023-08-07,North,3.92,209,Medium
2023-08-14,North,3.16,171,Medium
2023-08-21,North,3.9,205,Medium
2023-08-28,North,4.26,214,Medium
2023-09-04,North,3.59,170,Medium
2023-09-11,North,4.09,222,Medium
2023-09-18,North,3.58,153,Medium
2023-09-25,North,4.64,235,Medium
2023-10-02,North,3.86,154,Medium
2023-10-09,North,3.56,182,Medium
2023-10-16,North,3.82,209,Medium
2023-10-23,North,4.09,223,Medium
2023-10-30,North,4.19,215,Medium
2023-11-06,North,4.45,211,Medium
2023-11-13,North,3.78,203,Medium
2023-11-20,North,4.27,165,Medium
2023-11-27,North,3.42,132,Medium
2023-12-04,North,3.64,180,Medium
2023-12-11,North,3.51,179,Medium
2023-12-18,North,7.72,390,High
2023-12-25,North,8.1,314,Very High
2024-01-01,North,6.6,320,High
2024-01-08,North,6.25,238,High
2024-01-15,North,11.1,549,Very High
2024-01-22,North,10.57,473,Very High
2024-01-29,North,9.47,467,Very High
2024-02-05,North,8.33,437,Very High
2024-02-12,North,8.31,436,Very High
2024-02-19,North,6.7,321,High
2024-02-26,North,5.91,252,High
2024-03-04,North,5.27,216,Medium
2024-03-11,North,4.99,218,Medium
2024-03-18,North,3.86,199,Medium
2024-03-25,North,4.82,207,Medium
2024-04-01,North,3.79,152,Medium
2024-04-08,North,4.0,219,Medium
2024-04-15,North,3.26,157,Medium
2024-04-22,North,3.72,199,Medium
2024-04-29,North,4.29,172,Medium
2024-05-06,North,4.21,164,Medium
2024-05-13,North,3.83,146,Medium
2024-05-20,North,3.32,161,Medium
2024-05-27,North,4.05,182,Medium
2024-06-03,North,3.03,153,Medium
2024-06-10,North,3.3,141,Medium
2024-06-17,North,3.59,150,Medium
2024-06-24,North,3.05,163,Medium
2024-07-01,North,3.44,173,Medium
2024-07-08,North,3.89,191,Medium
2024-07-15,North,3.37,141,Medium
2024-07-22,North,3.91,159,Medium
2024-07-29,North,4.45,211,Medium
2024-08-05,North,3.76,192,Medium
2024-08-12,North,3.91,180,Medium
2024-08-19,North,4.06,200,Medium
2024-08-26,North,3.47,142,Medium
2024-09-02,North,3.9,154,Medium
2024-09-09,North,3.46,187,Medium
2024-09-16,North,3.73,169,Medium
2024-09-23,North,3.95,214,Medium
2024-09-30,North,3.33,128,Medium
2024-10-07,North,2.81,109,Low
2024-10-14,North,3.3,154,Medium
2024-10-21,North,4.01,155,Medium
2024-10-28,North,3.26,145,Medium
2024-11-04,North,3.99,198,Medium
2024-11-11,North,3.3,142,Medium
2024-11-18,North,3.54,159,Medium
2024-11-25,North,3.62,144,Medium
2024-12-02,North,3.26,123,Medium
2024-12-09,North,3.55,164,Medium
2024-12-16,North,6.69,303,High
2024-12-23,North,7.0,366,High
2024-12-30,North,6.83,296,High
2025-01-06,North,5.81,268,High
2025-01-13,North,5.83,244,High
2025-01-20,North,10.83,583,Very High
2025-01-27,North,9.58,439,Very High
2025-02-03,North,9.23,374,Very High
2025-02-10,North,8.31,335,Very High
2025-02-17,North,7.28,277,High
2025-02-24,North,6.59,253,High
2025-03-03,North,5.02,243,Medium
2025-03-10,North,5.34,254,Medium
2025-03-17,North,4.19,219,Medium
2025-03-24,North,4.25,223,Medium
2025-03-31,North,4.63,188,Medium
2025-04-07,North,3.73,195,Medium
2025-04-14,North,3.77,202,Medium
2025-04-21,North,3.37,162,Medium
2025-04-28,North,4.32,190,Medium
2025-05-05,North,3.36,145,Medium
2025-05-12,North,3.89,187,Medium
2025-05-19,North,4.1,184,Medium
2025-05-26,North,3.93,154,Medium
2025-06-02,North,3.78,166,Medium
2025-06-09,North,3.69,150,Medium
2025-06-16,North,3.22,160,Medium
2025-06-23,North,4.27,185,Medium
2025-06-30,North,3.75,180,Medium
2025-07-07,North,3.67,148,Medium
2025-07-14,North,3.28,134,Medium
2025-07-21,North,3.69,202,Medium
2025-07-28,North,3.65,139,Medium
2025-08-04,North,4.29,205,Medium
2025-08-11,North,3.67,195,Medium
2025-08-18,North,3.68,173,Medium
2025-08-25,North,3.29,140,Medium
2025-09-01,North,3.4,163,Medium
2025-09-08,North,3.84,189,Medium
2025-09-15,North,3.04,116,Medium
2025-09-22,North,4.01,168,Medium
2025-09-29,North,4.02,170,Medium
2025-10-06,North,3.37,159,Medium
2025-10-13,North,3.79,187,Medium
2025-10-20,North,4.12,196,Medium
2025-10-27,North,3.62,198,Medium
2025-11-03,North,3.55,166,Medium
2025-11-10,North,3.59,185,Medium
2025-11-17,North,3.75,168,Medium
2025-11-24,North,3.45,183,Medium
2025-12-01,North,3.52,174,Medium
2025-12-08,North,3.76,204,Medium
2025-12-15,North,3.5,144,Medium
2025-12-22,North,6.86,315,High
2025-12-29,North,6.38,337,High
2026-01-05,North,4.53,211,Medium
2026-01-12,North,4.64,233,Medium
2026-01-19,North,7.47,356,High
2026-01-26,North,6.44,343,High
2026-02-02,North,5.97,307,High
2026-02-09,North,5.47,227,Medium
2026-02-16,North,5.59,214,High
2026-02-23,North,5.02,223,Medium
2026-03-02,North,4.46,236,Medium
2026-03-09,North,3.48,150,Medium
2026-03-16,North,4.23,202,Medium
2026-03-23,North,2.64,127,Low
2026-03-30,North,2.6,119,Low
2026-04-06,North,2.94,130,Low
2026-04-13,North,2.66,106,Low
2026-04-20,North,2.64,131,Low
2026-04-27,North,1.82,98,Low
2026-05-04,North,2.15,85,Low
2026-05-11,North,2.46,130,Low
2026-05-18,North,2.24,92,Low
2026-05-25,North,2.01,94,Low
2026-06-01,North,2.28,96,Low
2026-06-08,North,2.58,119,Low
2026-06-15,North,2.73,134,Low
2026-06-22,North,1.82,72,Low
2026-06-29,North,2.48,106,Low
2026-07-06,North,2.44,129,Low
2026-07-13,North,2.56,140,Low
2026-07-20,North,2.09,113,Low
2026-07-27,North,2.1,84,Low
2026-08-03,North,2.92,138,Low
2026-08-10,North,1.61,84,Low
2018-01-01,West,5.63,252,High
2018-01-08,West,5.8,296,High
2018-01-15,West,10.56,570,Very High
2018-01-22,West,10.08,536,Very High
2018-01-29,West,8.12,345,Very High
2018-02-05,West,7.32,300,High
2018-02-12,West,6.96,317,High
2018-02-19,West,5.79,289,High
2018-02-26,West,5.7,301,High
2018-03-05,West,4.38,206,Medium
2018-03-12,West,4.75,200,Medium
2018-03-19,West,3.83,206,Medium
2018-03-26,West,3.76,192,Medium
2018-04-02,West,3.51,162,Medium
2018-04-09,West,3.42,160,Medium
2018-04-16,West,3.34,134,Medium
2018-04-23,West,3.39,183,Medium
2018-04-30,West,3.78,205,Medium
2018-05-07,West,3.48,164,Medium
2018-05-14,West,2.96,125,Low
2018-05-21,West,3.69,147,Medium
2018-05-28,West,3.43,149,Medium
2018-06-04,West,3.53,162,Medium
2018-06-11,West,3.46,162,Medium
2018-06-18,West,3.48,190,Medium
2018-06-25,West,3.49,176,Medium
2018-07-02,West,2.76,111,Low
2018-07-09,West,3.53,154,Medium
2018-07-16,West,3.11,136,Medium
2018-07-23,West,3.19,155,Medium
2018-07-30,West,3.36,172,Medium
2018-08-06,West,3.93,210,Medium
2018-08-13,West,3.01,147,Medium
2018-08-20,West,3.35,183,Medium
2018-08-27,West,3.27,127,Medium
2018-09-03,West,3.68,148,Medium
2018-09-10,West,3.26,158,Medium
2018-09-17,West,3.44,184,Medium
2018-09-24,West,3.01,151,Medium
2018-10-01,West,3.75,184,Medium
2018-10-08,West,2.86,131,Low
2018-10-15,West,3.52,154,Medium
2018-10-22,West,3.44,170,Medium
2018-10-29,West,3.49,135,Medium
2018-11-05,West,2.87,152,Low
2018-11-12,West,3.25,160,Medium
2018-11-19,West,3.66,198,Medium
2018-11-26,West,3.99,201,Medium
2018-12-03,West,3.32,157,Medium
2018-12-10,West,3.63,169,Medium
2018-12-17,West,6.74,304,High
2018-12-24,West,6.5,285,High
2018-12-31,West,6.08,276,High
2019-01-07,West,5.6,221,High
2019-01-14,West,9.91,487,Very High
2019-01-21,West,9.35,358,Very High
2019-01-28,West,7.91,327,High
2019-02-04,West,7.34,386,High
2019-02-11,West,6.3,311,High
2019-02-18,West,5.89,251,High
2019-02-25,West,5.06,216,Medium
2019-03-04,West,4.72,252,Medium
2019-03-11,West,4.3,202,Medium
2019-03-18,West,3.09,167,Medium
2019-03-25,West,2.83,119,Low
2019-04-01,West,3.44,149,Medium
2019-04-08,West,3.76,168,Medium
2019-04-15,West,3.12,119,Medium
2019-04-22,West,3.07,162,Medium
2019-04-29,West,3.59,163,Medium
2019-05-06,West,3.52,184,Medium
2019-05-13,West,2.9,136,Low
2019-05-20,West,3.47,169,Medium
2019-05-27,West,2.96,124,Low
2019-06-03,West,3.04,163,Medium
2019-06-10,West,2.89,157,Low
2019-06-17,West,2.79,142,Low
2019-06-24,West,3.26,150,Medium
2019-07-01,West,2.74,115,Low
2019-07-08,West,3.28,140,Medium
2019-07-15,West,3.27,156,Medium
2019-07-22,West,3.17,132,Medium
2019-07-29,West,3.07,161,Medium
2019-08-05,West,3.0,114,Medium
2019-08-12,West,2.85,146,Low
2019-08-19,West,3.73,150,Medium
2019-08-26,West,3.16,126,Medium
2019-09-02,West,3.15,172,Medium
2019-09-09,West,2.91,118,Low
2019-09-16,West,3.69,178,Medium
2019-09-23,West,3.02,165,Medium
2019-09-30,West,3.31,133,Medium
2019-10-07,West,3.38,143,Medium
2019-10-14,West,3.26,160,Medium
2019-10-21,West,2.74,142,Low
2019-10-28,West,3.45,156,Medium
2019-11-04,West,3.02,140,Medium
2019-11-11,West,3.5,172,Medium
2019-11-18,West,3.0,164,Low
2019-11-25,West,3.2,126,Medium
2019-12-02,West,3.4,185,Medium
2019-12-09,West,3.66,167,Medium
2019-12-16,West,6.65,258,High
2019-12-23,West,6.48,285,High
2019-12-30,West,6.27,326,High
2020-01-06,West,4.19,188,Medium
2020-01-13,West,7.99,405,High
2020-01-20,West,7.16,331,High
2020-01-27,West,6.59,266,High
2020-02-03,West,6.05,239,High
2020-02-10,West,5.23,246,Medium
2020-02-17,West,4.38,170,Medium
2020-02-24,West,4.16,189,Medium
2020-03-02,West,3.61,139,Medium
2020-03-09,West,3.23,167,Medium
2020-03-16,West,3.02,122,Medium
2020-03-23,West,2.13,110,Low
2020-03-30,West,2.64,137,Low
2020-04-06,West,3.14,140,Medium
2020-04-13,West,3.05,129,Medium
2020-04-20,West,2.59,120,Low
2020-04-27,West,2.56,117,Low
2020-05-04,West,1.74,72,Low
2020-05-11,West,2.36,119,Low
2020-05-18,West,2.79,110,Low
2020-05-25,West,2.41,98,Low
2020-06-01,West,2.91,130,Low
2020-06-08,West,2.88,116,Low
2020-06-15,West,2.35,107,Low
2020-06-22,West,2.59,136,Low
2020-06-29,West,3.06,161,Medium
2020-07-06,West,2.05,85,Low
2020-07-13,West,2.42,103,Low
2020-07-20,West,2.02,96,Low
2020-07-27,West,2.25,116,Low
2020-08-03,West,3.18,122,Medium
2020-08-10,West,2.42,116,Low
2020-08-17,West,1.88,79,Low
2020-08-24,West,2.2,111,Low
2020-08-31,West,1.99,94,Low
2020-09-07,West,2.6,110,Low
2020-09-14,West,2.69,116,Low
2020-09-21,West,2.85,140,Low
2020-09-28,West,2.77,105,Low
2020-10-05,West,2.07,109,Low
2020-10-12,West,2.68,109,Low
2020-10-19,West,2.5,114,Low
2020-10-26,West,2.9,156,Low
2020-11-02,West,2.81,117,Low
2020-11-09,West,3.23,133,Medium
2020-11-16,West,2.22,92,Low
2020-11-23,West,2.18,90,Low
2020-11-30,West,2.38,97,Low
2020-12-07,West,2.51,132,Low
2020-12-14,West,4.85,214,Medium
2020-12-21,West,4.69,206,Medium
2020-12-28,West,4.9,236,Medium
2021-01-04,West,4.67,247,Medium
2021-01-11,West,4.24,168,Medium
2021-01-18,West,7.37,294,High
2021-01-25,West,6.49,260,High
2021-02-01,West,7.07,359,High
2021-02-08,West,6.34,297,High
2021-02-15,West,5.48,212,Medium
2021-02-22,West,4.77,207,Medium
2021-03-01,West,3.85,184,Medium
2021-03-08,West,3.83,156,Medium
2021-03-15,West,2.92,135,Low
2021-03-22,West,3.12,139,Medium
2021-03-29,West,2.66,106,Low
2021-04-05,West,3.04,125,Medium
2021-04-12,West,3.32,175,Medium
2021-04-19,West,2.39,105,Low
2021-04-26,West,2.54,115,Low
2021-05-03,West,2.74,147,Low
2021-05-10,West,2.08,92,Low
2021-05-17,West,2.16,98,Low
2021-05-24,West,3.24,148,Medium
2021-05-31,West,2.81,133,Low
2021-06-07,West,2.49,109,Low
2021-06-14,West,2.69,106,Low
2021-06-21,West,2.54,127,Low
2021-06-28,West,2.74,114,Low
2021-07-05,West,2.55,129,Low
2021-07-12,West,2.67,138,Low
2021-07-19,West,2.94,141,Low
2021-07-26,West,2.91,113,Low
2021-08-02,West,3.21,143,Medium
2021-08-09,West,2.84,135,Low
2021-08-16,West,2.71,104,Low
2021-08-23,West,3.27,155,Medium
2021-08-30,West,2.63,133,Low
2021-09-06,West,1.95,90,Low
2021-09-13,West,2.98,113,Low
2021-09-20,West,2.79,121,Low
2021-09-27,West,2.7,119,Low
2021-10-04,West,2.99,127,Low
2021-10-11,West,2.55,130,Low
2021-10-18,West,1.96,92,Low
2021-10-25,West,3.0,163,Medium
2021-11-01,West,2.47,101,Low
2021-11-08,West,2.37,125,Low
2021-11-15,West,1.98,102,Low
2021-11-22,West,2.97,141,Low
2021-11-29,West,1.84,88,Low
2021-12-06,West,3.14,138,Medium
2021-12-13,West,5.29,211,Medium
2021-12-20,West,5.63,294,High
2021-12-27,West,5.3,228,Medium
2022-01-03,West,5.22,200,Medium
2022-01-10,West,4.39,201,Medium
2022-01-17,West,7.85,320,High
2022-01-24,West,6.71,298,High
2022-01-31,West,5.74,222,High
2022-02-07,West,5.96,279,High
2022-02-14,West,4.42,178,Medium
2022-02-21,West,4.64,203,Medium
2022-02-28,West,3.49,188,Medium
2022-03-07,West,3.55,183,Medium
2022-03-14,West,3.8,149,Medium
2022-03-21,West,3.15,166,Medium
2022-03-28,West,2.7,122,Low
2022-04-04,West,2.82,108,Low
2022-04-11,West,2.43,133,Low
2022-04-18,West,3.39,130,Medium
2022-04-25,West,2.3,99,Low
2022-05-02,West,2.51,97,Low
2022-05-09,West,2.74,143,Low
2022-05-16,West,2.66,139,Low
2022-05-23,West,2.7,127,Low
2022-05-30,West,2.36,112,Low
2022-06-06,West,2.45,111,Low
2022-06-13,West,2.86,155,Low
2022-06-20,West,2.84,117,Low
2022-06-27,West,2.67,145,Low
2022-07-04,West,3.0,158,Medium
2022-07-11,West,2.87,149,Low
2022-07-18,West,2.83,147,Low
2022-07-25,West,1.98,79,Low
2022-08-01,West,2.67,126,Low
2022-08-08,West,2.6,138,Low
2022-08-15,West,3.05,152,Medium
2022-08-22,West,1.54,70,Low
2022-08-29,West,2.48,109,Low
2022-09-05,West,2.57,101,Low
2022-09-12,West,2.16,110,Low
2022-09-19,West,2.22,119,Low
2022-09-26,West,3.06,117,Medium
2022-10-03,West,2.7,112,Low
2022-10-10,West,3.19,133,Medium
2022-10-17,West,2.47,133,Low
2022-10-24,West,2.05,85,Low
2022-10-31,West,2.43,98,Low
2022-11-07,West,2.37,97,Low
2022-11-14,West,2.78,148,Low
2022-11-21,West,2.77,134,Low
2022-11-28,West,2.72,140,Low
2022-12-05,West,3.32,174,Medium
2022-12-12,West,2.98,130,Low
2022-12-19,West,4.73,198,Medium
2022-12-26,West,5.22,282,Medium
2023-01-02,West,6.9,352,High
2023-01-09,West,6.35,261,High
2023-01-16,West,11.67,572,Very High
2023-01-23,West,10.1,458,Very High
2023-01-30,West,9.83,494,Very High
2023-02-06,West,8.78,473,Very High
2023-02-13,West,7.22,287,High
2023-02-20,West,6.07,284,High
2023-02-27,West,5.84,265,High
2023-03-06,West,4.2,194,Medium
2023-03-13,West,5.14,232,Medium
2023-03-20,West,4.52,217,Medium
2023-03-27,West,4.66,227,Medium
2023-04-03,West,4.1,224,Medium
2023-04-10,West,4.43,236,Medium
2023-04-17,West,3.64,142,Medium
2023-04-24,West,3.99,195,Medium
2023-05-01,West,3.66,165,Medium
2023-05-08,West,3.75,197,Medium
2023-05-15,West,3.82,167,Medium
2023-05-22,West,3.91,193,Medium
2023-05-29,West,3.53,156,Medium
2023-06-05,West,3.94,204,Medium
2023-06-12,West,3.8,191,Medium
2023-06-19,West,3.31,137,Medium
2023-06-26,West,3.16,127,Medium
2023-07-03,West,4.18,203,Medium
2023-07-10,West,2.99,159,Low
2023-07-17,West,3.73,148,Medium
2023-07-24,West,3.27,132,Medium
2023-07-31,West,4.38,188,Medium
2023-08-07,West,3.98,211,Medium
2023-08-14,West,3.9,195,Medium
2023-08-21,West,3.5,154,Medium
2023-08-28,West,3.3,133,Medium
2023-09-04,West,3.85,166,Medium
2023-09-11,West,3.78,178,Medium
2023-09-18,West,3.41,133,Medium
2023-09-25,West,3.4,174,Medium
2023-10-02,West,3.38,175,Medium
2023-10-09,West,3.37,175,Medium
2023-10-16,West,3.56,157,Medium
2023-10-23,West,3.9,179,Medium
2023-10-30,West,3.96,166,Medium
2023-11-06,West,3.77,163,Medium
2023-11-13,West,3.83,154,Medium
2023-11-20,West,3.98,171,Medium
2023-11-27,West,3.08,129,Medium
2023-12-04,West,3.86,207,Medium
2023-12-11,West,4.24,207,Medium
2023-12-18,West,6.84,376,High
2023-12-25,West,6.34,337,High
2024-01-01,West,6.0,308,High
2024-01-08,West,6.04,238,High
2024-01-15,West,9.77,450,Very High
2024-01-22,West,9.42,422,Very High
2024-01-29,West,8.53,404,Very High
2024-02-05,West,7.15,285,High
2024-02-12,West,6.37,327,High
2024-02-19,West,5.31,291,Medium
2024-02-26,West,5.74,304,High
2024-03-04,West,4.93,221,Medium
2024-03-11,West,4.16,200,Medium
2024-03-18,West,3.79,166,Medium
2024-03-25,West,3.37,145,Medium
2024-04-01,West,3.64,150,Medium
2024-04-08,West,3.16,171,Medium
2024-04-15,West,3.23,168,Medium
2024-04-22,West,3.11,128,Medium
2024-04-29,West,3.59,185,Medium
2024-05-06,West,3.26,174,Medium
2024-05-13,West,3.35,166,Medium
2024-05-20,West,2.9,121,Low
2024-05-27,West,3.08,167,Medium
2024-06-03,West,3.36,152,Medium
2024-06-10,West,2.75,116,Low
2024-06-17,West,3.22,164,Medium
2024-06-24,West,3.3,172,Medium
2024-07-01,West,2.86,108,Low
2024-07-08,West,3.66,201,Medium
2024-07-15,West,3.42,142,Medium
2024-07-22,West,3.25,168,Medium
2024-07-29,West,3.06,136,Medium
2024-08-05,West,2.73,121,Low
2024-08-12,West,3.63,150,Medium
2024-08-19,West,3.14,145,Medium
2024-08-26,West,2.81,137,Low
2024-09-02,West,3.05,166,Medium
2024-09-09,West,3.46,155,Medium
2024-09-16,West,3.39,142,Medium
2024-09-23,West,2.93,148,Low
2024-09-30,West,3.7,169,Medium
2024-10-07,West,2.8,115,Low
2024-10-14,West,3.78,162,Medium
2024-10-21,West,3.37,180,Medium
2024-10-28,West,3.17,134,Medium
2024-11-04,West,3.21,136,Medium
2024-11-11,West,3.33,179,Medium
2024-11-18,West,3.49,145,Medium
2024-11-25,West,2.68,120,Low
2024-12-02,West,3.04,123,Medium
2024-12-09,West,3.32,170,Medium
2024-12-16,West,6.99,374,High
2024-12-23,West,6.81,356,High
2024-12-30,West,6.67,259,High
2025-01-06,West,6.64,286,High
2025-01-13,West,10.51,534,Very High
2025-01-20,West,10.17,521,Very High
2025-01-27,West,9.74,490,Very High
2025-02-03,West,8.79,465,Very High
2025-02-10,West,7.44,377,High
2025-02-17,West,6.8,345,High
2025-02-24,West,5.68,227,High
2025-03-03,West,4.66,216,Medium
2025-03-10,West,4.62,221,Medium
2025-03-17,West,4.22,216,Medium
2025-03-24,West,3.83,161,Medium
2025-03-31,West,4.02,199,Medium
2025-04-07,West,3.64,149,Medium
2025-04-14,West,3.79,205,Medium
2025-04-21,West,3.88,207,Medium
2025-04-28,West,4.43,194,Medium
2025-05-05,West,3.55,163,Medium
2025-05-12,West,3.99,158,Medium
2025-05-19,West,3.65,193,Medium
2025-05-26,West,3.67,188,Medium
2025-06-02,West,3.54,193,Medium
2025-06-09,West,3.62,156,Medium
2025-06-16,West,3.49,152,Medium
2025-06-23,West,3.92,192,Medium
2025-06-30,West,3.32,127,Medium
2025-07-07,West,3.05,152,Medium
2025-07-14,West,3.38,157,Medium
2025-07-21,West,3.35,147,Medium
2025-07-28,West,3.38,130,Medium
2025-08-04,West,3.52,190,Medium
2025-08-11,West,3.39,171,Medium
2025-08-18,West,3.52,185,Medium
2025-08-25,West,3.39,141,Medium
2025-09-01,West,3.72,190,Medium
2025-09-08,West,4.4,184,Medium
2025-09-15,West,3.64,197,Medium
2025-09-22,West,3.4,165,Medium
2025-09-29,West,2.76,129,Low
2025-10-06,West,4.24,193,Medium
2025-10-13,West,3.66,151,Medium
2025-10-20,West,3.52,182,Medium
2025-10-27,West,2.78,132,Low
2025-11-03,West,3.53,192,Medium
2025-11-10,West,3.62,194,Medium
2025-11-17,West,3.39,138,Medium
2025-11-24,West,3.1,122,Medium
2025-12-01,West,3.08,120,Medium
2025-12-08,West,4.25,166,Medium
2025-12-15,West,7.17,373,High
2025-12-22,West,6.82,349,High
2025-12-29,West,6.74,356,High
2026-01-05,West,4.92,230,Medium
2026-01-12,West,7.96,362,High
2026-01-19,West,8.32,382,Very High
2026-01-26,West,7.32,377,High
2026-02-02,West,6.73,273,High
2026-02-09,West,6.47,338,High
2026-02-16,West,4.8,238,Medium
2026-02-23,West,4.36,171,Medium
2026-03-02,West,4.21,182,Medium
2026-03-09,West,4.0,198,Medium
2026-03-16,West,3.15,135,Medium
2026-03-23,West,2.95,126,Low
2026-03-30,West,3.22,156,Medium
2026-04-06,West,3.7,179,Medium
2026-04-13,West,2.87,143,Low
2026-04-20,West,2.55,126,Low
2026-04-27,West,2.43,110,Low
2026-05-04,West,2.74,108,Low
2026-05-11,West,3.08,140,Medium
2026-05-18,West,3.77,158,Medium
2026-05-25,West,2.67,126,Low
2026-06-01,West,2.81,129,Low
2026-06-08,West,3.38,164,Medium
2026-06-15,West,2.89,133,Low
2026-06-22,West,2.86,137,Low
2026-06-29,West,3.29,129,Medium
2026-07-06,West,2.82,130,Low
2026-07-13,West,2.44,113,Low
2026-07-20,West,3.21,174,Medium
2026-07-27,West,2.23,91,Low
2026-08-03,West,3.14,124,Medium
2026-08-10,West,2.78,126,Low
2018-01-01,South,6.95,312,High
2018-01-08,South,6.76,283,High
2018-01-15,South,6.47,300,High
2018-01-22,South,10.92,572,Very High
2018-01-29,South,9.56,399,Very High
2018-02-05,South,9.49,401,Very High
2018-02-12,South,8.52,408,Very High
2018-02-19,South,7.74,424,High
2018-02-26,South,6.79,331,High
2018-03-05,South,5.1,274,Medium
2018-03-12,South,5.61,263,High
2018-03-19,South,4.37,188,Medium
2018-03-26,South,4.61,252,Medium
2018-04-02,South,3.74,199,Medium
2018-04-09,South,4.14,176,Medium
2018-04-16,South,3.38,159,Medium
2018-04-23,South,3.91,182,Medium
2018-04-30,South,3.75,168,Medium
2018-05-07,South,4.17,182,Medium
2018-05-14,South,3.44,138,Medium
2018-05-21,South,3.95,207,Medium
2018-05-28,South,3.18,133,Medium
2018-06-04,South,3.65,172,Medium
2018-06-11,South,3.5,151,Medium
2018-06-18,South,3.41,167,Medium
2018-06-25,South,3.53,138,Medium
2018-07-02,South,3.8,182,Medium
2018-07-09,South,3.58,187,Medium
2018-07-16,South,3.77,182,Medium
2018-07-23,South,3.86,175,Medium
2018-07-30,South,4.13,213,Medium
2018-08-06,South,3.74,142,Medium
2018-08-13,South,3.56,190,Medium
2018-08-20,South,3.5,142,Medium
2018-08-27,South,3.94,193,Medium
2018-09-03,South,3.42,164,Medium
2018-09-10,South,3.26,151,Medium
2018-09-17,South,3.89,179,Medium
2018-09-24,South,4.13,172,Medium
2018-10-01,South,3.89,171,Medium
2018-10-08,South,3.47,133,Medium
2018-10-15,South,2.93,143,Low
2018-10-22,South,3.26,167,Medium
2018-10-29,South,3.09,154,Medium
2018-11-05,South,3.99,183,Medium
2018-11-12,South,3.24,136,Medium
2018-11-19,South,3.54,148,Medium
2018-11-26,South,3.09,139,Medium
2018-12-03,South,3.48,180,Medium
2018-12-10,South,3.44,142,Medium
2018-12-17,South,3.85,147,Medium
2018-12-24,South,7.47,404,High
2018-12-31,South,7.11,362,High
2019-01-07,South,6.5,347,High
2019-01-14,South,5.98,283,High
2019-01-21,South,10.98,575,Very High
2019-01-28,South,10.58,512,Very High
2019-02-04,South,9.14,436,Very High
2019-02-11,South,8.33,421,Very High
2019-02-18,South,7.13,359,High
2019-02-25,South,5.95,273,High
2019-03-04,South,5.81,251,High
2019-03-11,South,4.97,250,Medium
2019-03-18,South,4.96,203,Medium
2019-03-25,South,3.68,168,Medium
2019-04-01,South,3.71,187,Medium
2019-04-08,South,3.36,176,Medium
2019-04-15,South,3.7,194,Medium
2019-04-22,South,3.41,165,Medium
2019-04-29,South,3.16,134,Medium
2019-05-06,South,3.16,173,Medium
2019-05-13,South,3.45,136,Medium
2019-05-20,South,3.31,144,Medium
2019-05-27,South,3.27,150,Medium
2019-06-03,South,3.59,153,Medium
2019-06-10,South,2.95,154,Low
2019-06-17,South,3.65,190,Medium
2019-06-24,South,3.89,210,Medium
2019-07-01,South,3.47,138,Medium
2019-07-08,South,3.63,168,Medium
2019-07-15,South,3.48,141,Medium
2019-07-22,South,3.31,128,Medium
2019-07-29,South,3.65,147,Medium
2019-08-05,South,3.42,154,Medium
2019-08-12,South,3.49,149,Medium
2019-08-19,South,3.61,174,Medium
2019-08-26,South,3.1,152,Medium
2019-09-02,South,2.91,111,Low
2019-09-09,South,4.12,188,Medium
2019-09-16,South,3.63,187,Medium
2019-09-23,South,3.58,168,Medium
2019-09-30,South,3.3,126,Medium
2019-10-07,South,3.64,159,Medium
2019-10-14,South,3.29,130,Medium
2019-10-21,South,3.71,200,Medium
2019-10-28,South,3.65,176,Medium
2019-11-04,South,3.6,154,Medium
2019-11-11,South,3.68,179,Medium
2019-11-18,South,3.38,185,Medium
2019-11-25,South,3.41,155,Medium
2019-12-02,South,3.72,150,Medium
2019-12-09,South,3.08,168,Medium
2019-12-16,South,3.54,161,Medium
2019-12-23,South,7.55,328,High
2019-12-30,South,6.56,358,High
2020-01-06,South,4.57,183,Medium
2020-01-13,South,4.14,192,Medium
2020-01-20,South,6.79,306,High
2020-01-27,South,6.8,316,High
2020-02-03,South,5.85,248,High
2020-02-10,South,5.52,290,High
2020-02-17,South,4.42,189,Medium
2020-02-24,South,3.45,153,Medium
2020-03-02,South,3.67,200,Medium
2020-03-09,South,3.23,139,Medium
2020-03-16,South,2.92,130,Low
2020-03-23,South,3.05,151,Medium
2020-03-30,South,2.96,146,Low
2020-04-06,South,2.59,114,Low
2020-04-13,South,2.64,132,Low
2020-04-20,South,2.1,92,Low
2020-04-27,South,1.99,94,Low
2020-05-04,South,2.5,133,Low
2020-05-11,South,1.92,74,Low
2020-05-18,South,1.88,75,Low
2020-05-25,South,3.31,167,Medium
2020-06-01,South,2.33,120,Low
2020-06-08,South,2.14,103,Low
2020-06-15,South,2.1,105,Low
2020-06-22,South,1.8,78,Low
2020-06-29,South,2.4,112,Low
2020-07-06,South,2.2,90,Low
2020-07-13,South,2.65,101,Low
2020-07-20,South,2.49,105,Low
2020-07-27,South,2.19,87,Low
2020-08-03,South,1.62,68,Low
2020-08-10,South,2.33,96,Low
2020-08-17,South,2.3,102,Low
2020-08-24,South,1.55,67,Low
2020-08-31,South,2.45,94,Low
2020-09-07,South,1.9,96,Low
2020-09-14,South,2.67,143,Low
2020-09-21,South,2.27,106,Low
2020-09-28,South,2.09,106,Low
2020-10-05,South,2.38,124,Low
2020-10-12,South,2.35,106,Low
2020-10-19,South,2.34,121,Low
2020-10-26,South,2.61,140,Low
2020-11-02,South,1.68,91,Low
2020-11-09,South,2.4,94,Low
2020-11-16,South,2.06,79,Low
2020-11-23,South,2.21,114,Low
2020-11-30,South,2.8,147,Low
2020-12-07,South,2.03,86,Low
2020-12-14,South,2.44,94,Low
2020-12-21,South,4.93,209,Medium
2020-12-28,South,4.72,213,Medium
2021-01-04,South,6.27,267,High
2021-01-11,South,5.99,270,High
2021-01-18,South,5.69,265,High
2021-01-25,South,9.31,394,Very High
2021-02-01,South,8.91,361,Very High
2021-02-08,South,8.89,423,Very High
2021-02-15,South,7.4,385,High
2021-02-22,South,6.45,351,High
2021-03-01,South,5.52,300,High
2021-03-08,South,4.71,190,Medium
2021-03-15,South,4.55,186,Medium
2021-03-22,South,4.17,200,Medium
2021-03-29,South,3.74,201,Medium
2021-04-05,South,4.52,215,Medium
2021-04-12,South,3.2,124,Medium
2021-04-19,South,3.04,157,Medium
2021-04-26,South,3.2,149,Medium
2021-05-03,South,3.28,161,Medium
2021-05-10,South,2.99,161,Low
2021-05-17,South,3.36,138,Medium
2021-05-24,South,3.39,162,Medium
2021-05-31,South,3.51,159,Medium
2021-06-07,South,3.09,123,Medium
2021-06-14,South,3.73,172,Medium
2021-06-21,South,3.49,137,Medium
2021-06-28,South,4.26,229,Medium
2021-07-05,South,3.02,130,Medium
2021-07-12,South,2.98,136,Low
2021-07-19,South,3.17,130,Medium
2021-07-26,South,3.39,143,Medium
2021-08-02,South,3.44,134,Medium
2021-08-09,South,3.49,171,Medium
2021-08-16,South,4.02,197,Medium
2021-08-23,South,2.62,142,Low
2021-08-30,South,2.67,141,Low
2021-09-06,South,3.23,140,Medium
2021-09-13,South,3.98,187,Medium
2021-09-20,South,3.53,137,Medium
2021-09-27,South,2.93,123,Low
2021-10-04,South,3.34,137,Medium
2021-10-11,South,3.21,156,Medium
2021-10-18,South,3.2,140,Medium
2021-10-25,South,3.09,157,Medium
2021-11-01,South,3.31,158,Medium
2021-11-08,South,3.65,171,Medium
2021-11-15,South,3.12,160,Medium
2021-11-22,South,3.49,158,Medium
2021-11-29,South,3.55,194,Medium
2021-12-06,South,3.73,147,Medium
2021-12-13,South,2.97,119,Low
2021-12-20,South,3.28,152,Medium
2021-12-27,South,6.27,330,High
2022-01-03,South,4.89,236,Medium
2022-01-10,South,4.63,242,Medium
2022-01-17,South,3.91,150,Medium
2022-01-24,South,7.52,313,High
2022-01-31,South,7.73,378,High
2022-02-07,South,6.52,268,High
2022-02-14,South,5.24,262,Medium
2022-02-21,South,4.72,186,Medium
2022-02-28,South,4.42,225,Medium
2022-03-07,South,3.6,154,Medium
2022-03-14,South,3.93,196,Medium
2022-03-21,South,2.68,116,Low
2022-03-28,South,3.11,120,Medium
2022-04-04,South,2.22,86,Low
2022-04-11,South,2.65,133,Low
2022-04-18,South,2.24,114,Low
2022-04-25,South,2.81,129,Low
2022-05-02,South,2.91,126,Low
2022-05-09,South,2.65,120,Low
2022-05-16,South,2.91,155,Low
2022-05-23,South,1.7,66,Low
2022-05-30,South,2.58,105,Low
2022-06-06,South,2.7,115,Low
2022-06-13,South,2.74,139,Low
2022-06-20,South,1.88,100,Low
2022-06-27,South,2.67,104,Low
2022-07-04,South,2.75,108,Low
2022-07-11,South,2.57,140,Low
2022-07-18,South,2.08,86,Low
2022-07-25,South,2.34,108,Low
2022-08-01,South,2.96,131,Low
2022-08-08,South,2.91,117,Low
2022-08-15,South,2.69,133,Low
2022-08-22,South,2.77,122,Low
2022-08-29,South,2.87,112,Low
2022-09-05,South,2.68,105,Low
2022-09-12,South,2.95,126,Low
2022-09-19,South,2.94,114,Low
2022-09-26,South,3.43,178,Medium
2022-10-03,South,2.35,90,Low
2022-10-10,South,2.36,123,Low
2022-10-17,South,1.56,73,Low
2022-10-24,South,2.66,136,Low
2022-10-31,South,3.21,149,Medium
2022-11-07,South,2.98,120,Low
2022-11-14,South,2.82,109,Low
2022-11-21,South,3.01,159,Medium
2022-11-28,South,2.7,134,Low
2022-12-05,South,2.43,109,Low
2022-12-12,South,3.31,155,Medium
2022-12-19,South,2.67,116,Low
2022-12-26,South,5.42,229,Medium
2023-01-02,South,6.78,275,High
2023-01-09,South,6.47,311,High
2023-01-16,South,6.83,339,High
2023-01-23,South,11.43,480,Very High
2023-01-30,South,11.08,422,Very High
2023-02-06,South,9.88,503,Very High
2023-02-13,South,10.0,387,Very High
2023-02-20,South,8.37,328,Very High
2023-02-27,South,7.57,384,High
2023-03-06,South,5.5,210,High
2023-03-13,South,5.82,319,High
2023-03-20,South,4.95,204,Medium
2023-03-27,South,5.15,244,Medium
2023-04-03,South,4.59,236,Medium
2023-04-10,South,4.18,222,Medium
2023-04-17,South,3.67,154,Medium
2023-04-24,South,4.07,175,Medium
2023-05-01,South,4.4,237,Medium
2023-05-08,South,4.51,246,Medium
2023-05-15,South,3.83,180,Medium
2023-05-22,South,4.83,192,Medium
2023-05-29,South,4.34,203,Medium
2023-06-05,South,3.64,195,Medium
2023-06-12,South,3.56,147,Medium
2023-06-19,South,3.9,154,Medium
2023-06-26,South,3.82,192,Medium
2023-07-03,South,4.12,205,Medium
2023-07-10,South,3.96,201,Medium
2023-07-17,South,3.85,193,Medium
2023-07-24,South,3.41,148,Medium
2023-07-31,South,4.18,227,Medium
2023-08-07,South,3.38,166,Medium
2023-08-14,South,4.34,220,Medium
2023-08-21,South,3.26,132,Medium
2023-08-28,South,3.36,158,Medium
2023-09-04,South,3.63,173,Medium
2023-09-11,South,3.79,170,Medium
2023-09-18,South,3.72,178,Medium
2023-09-25,South,3.79,190,Medium
2023-10-02,South,4.04,207,Medium
2023-10-09,South,3.64,144,Medium
2023-10-16,South,4.05,190,Medium
2023-10-23,South,3.11,154,Medium
2023-10-30,South,3.63,174,Medium
2023-11-06,South,3.35,168,Medium
2023-11-13,South,4.33,208,Medium
2023-11-20,South,3.68,161,Medium
2023-11-27,South,4.16,219,Medium
2023-12-04,South,3.29,154,Medium
2023-12-11,South,4.49,174,Medium
2023-12-18,South,3.98,164,Medium
2023-12-25,South,8.59,464,Very High
2024-01-01,South,4.95,207,Medium
2024-01-08,South,4.19,183,Medium
2024-01-15,South,4.07,181,Medium
2024-01-22,South,7.57,390,High
2024-01-29,South,6.84,306,High
2024-02-05,South,6.94,372,High
2024-02-12,South,5.96,279,High
2024-02-19,South,4.93,205,Medium
2024-02-26,South,4.93,229,Medium
2024-03-04,South,3.96,196,Medium
2024-03-11,South,3.91,203,Medium
2024-03-18,South,3.1,120,Medium
2024-03-25,South,3.21,173,Medium
2024-04-01,South,2.7,132,Low
2024-04-08,South,3.07,138,Medium
2024-04-15,South,2.0,79,Low
2024-04-22,South,2.16,112,Low
2024-04-29,South,2.52,105,Low
2024-05-06,South,2.32,96,Low
2024-05-13,South,2.4,114,Low
2024-05-20,South,2.79,135,Low
2024-05-27,South,2.39,96,Low
2024-06-03,South,2.67,142,Low
2024-06-10,South,2.23,108,Low
2024-06-17,South,1.84,89,Low
2024-06-24,South,2.82,107,Low
2024-07-01,South,3.19,152,Medium
2024-07-08,South,2.63,116,Low
2024-07-15,South,2.52,117,Low
2024-07-22,South,2.59,117,Low
2024-07-29,South,3.03,128,Medium
2024-08-05,South,2.63,116,Low
2024-08-12,South,2.84,116,Low
2024-08-19,South,2.82,121,Low
2024-08-26,South,2.93,136,Low
2024-09-02,South,2.51,135,Low
2024-09-09,South,2.36,117,Low
2024-09-16,South,2.74,116,Low
2024-09-23,South,2.9,111,Low
2024-09-30,South,2.98,147,Low
2024-10-07,South,3.08,144,Medium
2024-10-14,South,2.87,128,Low
2024-10-21,South,2.34,92,Low
2024-10-28,South,2.63,144,Low
2024-11-04,South,2.59,123,Low
2024-11-11,South,2.56,133,Low
2024-11-18,South,2.75,133,Low
2024-11-25,South,2.48,130,Low
2024-12-02,South,2.48,129,Low
2024-12-09,South,3.21,132,Medium
2024-12-16,South,2.53,115,Low
2024-12-23,South,5.47,223,Medium
2024-12-30,South,5.38,241,Medium
2025-01-06,South,6.44,342,High
2025-01-13,South,5.92,237,High
2025-01-20,South,9.97,533,Very High
2025-01-27,South,9.14,410,Very High
2025-02-03,South,9.19,497,Very High
2025-02-10,South,8.26,407,Very High
2025-02-17,South,7.51,381,High
2025-02-24,South,6.21,251,High
2025-03-03,South,6.33,265,High
2025-03-10,South,5.15,226,Medium
2025-03-17,South,4.43,230,Medium
2025-03-24,South,3.36,171,Medium
2025-03-31,South,3.69,171,Medium
2025-04-07,South,3.94,207,Medium
2025-04-14,South,4.05,216,Medium
2025-04-21,South,3.48,188,Medium
2025-04-28,South,4.01,215,Medium
2025-05-05,South,3.07,138,Medium
2025-05-12,South,3.54,155,Medium
2025-05-19,South,3.55,149,Medium
2025-05-26,South,3.6,167,Medium
2025-06-02,South,3.44,167,Medium
2025-06-09,South,3.51,159,Medium
2025-06-16,South,3.04,126,Medium
2025-06-23,South,3.86,159,Medium
2025-06-30,South,3.72,189,Medium
2025-07-07,South,3.5,184,Medium
2025-07-14,South,3.73,197,Medium
2025-07-21,South,3.87,199,Medium
2025-07-28,South,3.6,188,Medium
2025-08-04,South,4.13,186,Medium
2025-08-11,South,3.63,183,Medium
2025-08-18,South,3.09,166,Medium
2025-08-25,South,3.48,165,Medium
2025-09-01,South,3.74,156,Medium
2025-09-08,South,3.87,173,Medium
2025-09-15,South,3.45,145,Medium
2025-09-22,South,3.06,158,Medium
2025-09-29,South,3.31,129,Medium
2025-10-06,South,2.91,133,Low
2025-10-13,South,3.67,167,Medium
2025-10-20,South,3.24,149,Medium
2025-10-27,South,3.14,146,Medium
2025-11-03,South,3.7,192,Medium
2025-11-10,South,3.96,173,Medium
2025-11-17,South,3.14,164,Medium
2025-11-24,South,3.45,165,Medium
2025-12-01,South,3.32,168,Medium
2025-12-08,South,3.89,192,Medium
2025-12-15,South,3.36,157,Medium
2025-12-22,South,6.41,285,High
2025-12-29,South,6.65,364,High
2026-01-05,South,5.8,223,High
2026-01-12,South,5.0,263,Medium
2026-01-19,South,4.51,212,Medium
2026-01-26,South,8.2,425,Very High
2026-02-02,South,7.29,335,High
2026-02-09,South,6.87,287,High
2026-02-16,South,6.0,293,High
2026-02-23,South,6.29,265,High
2026-03-02,South,4.14,217,Medium
2026-03-09,South,3.96,184,Medium
2026-03-16,South,3.6,137,Medium
2026-03-23,South,3.14,146,Medium
2026-03-30,South,3.4,149,Medium
2026-04-06,South,2.83,115,Low
2026-04-13,South,2.47,127,Low
2026-04-20,South,2.95,132,Low
2026-04-27,South,2.78,105,Low
2026-05-04,South,2.63,124,Low
2026-05-11,South,3.35,142,Medium
2026-05-18,South,3.01,123,Medium
2026-05-25,South,2.97,148,Low
2026-06-01,South,3.02,119,Medium
2026-06-08,South,3.0,122,Low
2026-06-15,South,2.76,121,Low
2026-06-22,South,2.6,107,Low
2026-06-29,South,2.89,134,Low
2026-07-06,South,2.75,115,Low
2026-07-13,South,2.17,113,Low
2026-07-20,South,2.48,131,Low
2026-07-27,South,2.71,143,Low
2026-08-03,South,3.17,156,Medium
2026-08-10,South,2.89,141,Low
2018-01-01,East,7.34,378,High
2018-01-08,East,6.75,262,High
2018-01-15,East,11.69,514,Very High
2018-01-22,East,10.95,511,Very High
2018-01-29,East,10.13,408,Very High
2018-02-05,East,9.45,375,Very High
2018-02-12,East,8.13,357,Very High
2018-02-19,East,6.5,323,High
2018-02-26,East,6.06,285,High
2018-03-05,East,5.25,234,Medium
2018-03-12,East,5.67,222,High
2018-03-19,East,4.22,231,Medium
2018-03-26,East,4.95,237,Medium
2018-04-02,East,4.16,182,Medium
2018-04-09,East,3.72,190,Medium
2018-04-16,East,4.84,224,Medium
2018-04-23,East,3.65,175,Medium
2018-04-30,East,3.63,153,Medium
2018-05-07,East,4.27,215,Medium
2018-05-14,East,4.27,174,Medium
2018-05-21,East,3.85,203,Medium
2018-05-28,East,3.54,136,Medium
2018-06-04,East,3.77,178,Medium
2018-06-11,East,3.94,189,Medium
2018-06-18,East,3.49,187,Medium
2018-06-25,East,4.02,199,Medium
2018-07-02,East,4.21,228,Medium
2018-07-09,East,3.34,168,Medium
2018-07-16,East,4.22,175,Medium
2018-07-23,East,3.66,184,Medium
2018-07-30,East,4.52,206,Medium
2018-08-06,East,4.17,217,Medium
2018-08-13,East,4.11,200,Medium
2018-08-20,East,3.85,163,Medium
2018-08-27,East,4.83,187,Medium
2018-09-03,East,3.74,169,Medium
2018-09-10,East,3.55,149,Medium
2018-09-17,East,3.67,176,Medium
2018-09-24,East,4.28,167,Medium
2018-10-01,East,3.94,174,Medium
2018-10-08,East,3.88,176,Medium
2018-10-15,East,3.75,162,Medium
2018-10-22,East,3.87,208,Medium
2018-10-29,East,3.72,168,Medium
2018-11-05,East,4.14,186,Medium
2018-11-12,East,3.81,165,Medium
2018-11-19,East,3.68,165,Medium
2018-11-26,East,4.24,190,Medium
2018-12-03,East,3.56,191,Medium
2018-12-10,East,3.94,191,Medium
2018-12-17,East,7.12,273,High
2018-12-24,East,7.14,297,High
2018-12-31,East,7.16,321,High
2019-01-07,East,4.07,154,Medium
2019-01-14,East,7.16,283,High
2019-01-21,East,7.19,313,High
2019-01-28,East,6.67,278,High
2019-02-04,East,5.85,316,High
2019-02-11,East,4.75,190,Medium
2019-02-18,East,4.47,244,Medium
2019-02-25,East,4.65,224,Medium
2019-03-04,East,4.4,173,Medium
2019-03-11,East,3.52,145,Medium
2019-03-18,East,2.56,115,Low
2019-03-25,East,2.69,144,Low
2019-04-01,East,2.69,147,Low
2019-04-08,East,2.56,125,Low
2019-04-15,East,2.87,111,Low
2019-04-22,East,2.71,129,Low
2019-04-29,East,2.08,84,Low
2019-05-06,East,2.22,109,Low
2019-05-13,East,2.78,112,Low
2019-05-20,East,2.93,154,Low
2019-05-27,East,2.52,125,Low
2019-06-03,East,2.98,113,Low
2019-06-10,East,2.48,122,Low
2019-06-17,East,2.12,101,Low
2019-06-24,East,2.65,127,Low
2019-07-01,East,3.5,174,Medium
2019-07-08,East,1.99,82,Low
2019-07-15,East,2.97,157,Low
2019-07-22,East,2.63,121,Low
2019-07-29,East,2.19,86,Low
2019-08-05,East,1.77,67,Low
2019-08-12,East,1.65,68,Low
2019-08-19,East,2.24,91,Low
2019-08-26,East,2.57,115,Low
2019-09-02,East,2.74,141,Low
2019-09-09,East,2.83,149,Low
2019-09-16,East,2.54,129,Low
2019-09-23,East,2.48,132,Low
2019-09-30,East,2.31,101,Low
2019-10-07,East,2.58,98,Low
2019-10-14,East,2.2,119,Low
2019-10-21,East,2.01,96,Low
2019-10-28,East,2.46,116,Low
2019-11-04,East,2.71,116,Low
2019-11-11,East,1.94,79,Low
2019-11-18,East,2.24,110,Low
2019-11-25,East,2.45,131,Low
2019-12-02,East,2.44,126,Low
2019-12-09,East,2.62,131,Low
2019-12-16,East,5.52,291,High
2019-12-23,East,3.98,170,Medium
2019-12-30,East,5.25,253,Medium
2020-01-06,East,5.63,237,High
2020-01-13,East,8.89,420,Very High
2020-01-20,East,8.18,395,Very High
2020-01-27,East,7.26,377,High
2020-02-03,East,7.09,335,High
2020-02-10,East,6.13,282,High
2020-02-17,East,5.21,216,Medium
2020-02-24,East,4.99,198,Medium
2020-03-02,East,4.52,217,Medium
2020-03-09,East,2.77,140,Low
2020-03-16,East,3.91,200,Medium
2020-03-23,East,2.93,116,Low
2020-03-30,East,3.48,176,Medium
2020-04-06,East,2.84,150,Low
2020-04-13,East,2.97,147,Low
2020-04-20,East,3.0,150,Medium
2020-04-27,East,3.25,128,Medium
2020-05-04,East,3.09,129,Medium
2020-05-11,East,2.71,137,Low
2020-05-18,East,2.08,98,Low
2020-05-25,East,3.0,121,Medium
2020-06-01,East,2.88,151,Low
2020-06-08,East,2.37,105,Low
2020-06-15,East,2.92,114,Low
2020-06-22,East,2.83,118,Low
2020-06-29,East,3.31,165,Medium
2020-07-06,East,3.53,134,Medium
2020-07-13,East,3.18,155,Medium
2020-07-20,East,2.81,150,Low
2020-07-27,East,2.86,130,Low
2020-08-03,East,2.54,124,Low
2020-08-10,East,2.6,109,Low
2020-08-17,East,2.79,110,Low
2020-08-24,East,2.75,141,Low
2020-08-31,East,2.36,109,Low
2020-09-07,East,3.32,134,Medium
2020-09-14,East,3.37,143,Medium
2020-09-21,East,3.3,150,Medium
2020-09-28,East,3.39,179,Medium
2020-10-05,East,3.65,166,Medium
2020-10-12,East,2.55,104,Low
2020-10-19,East,3.63,165,Medium
2020-10-26,East,2.7,146,Low
2020-11-02,East,3.06,153,Medium
2020-11-09,East,2.28,121,Low
2020-11-16,East,2.66,128,Low
2020-11-23,East,3.19,135,Medium
2020-11-30,East,3.08,122,Medium
2020-12-07,East,2.69,138,Low
2020-12-14,East,5.68,246,High
2020-12-21,East,5.35,244,Medium
2020-12-28,East,5.71,306,High
2021-01-04,East,3.58,194,Medium
2021-01-11,East,4.52,175,Medium
2021-01-18,East,6.71,299,High
2021-01-25,East,6.49,351,High
2021-02-01,East,5.42,294,Medium
2021-02-08,East,5.37,262,Medium
2021-02-15,East,4.86,212,Medium
2021-02-22,East,4.23,174,Medium
2021-03-01,East,3.8,163,Medium
2021-03-08,East,3.21,160,Medium
2021-03-15,East,2.93,133,Low
2021-03-22,East,2.7,109,Low
2021-03-29,East,2.43,103,Low
2021-04-05,East,2.37,96,Low
2021-04-12,East,2.63,114,Low
2021-04-19,East,2.91,120,Low
2021-04-26,East,2.07,97,Low
2021-05-03,East,2.36,117,Low
2021-05-10,East,1.99,89,Low
2021-05-17,East,2.22,87,Low
2021-05-24,East,2.27,114,Low
2021-05-31,East,2.45,128,Low
2021-06-07,East,2.44,124,Low
2021-06-14,East,2.38,102,Low
2021-06-21,East,2.53,139,Low
2021-06-28,East,2.08,108,Low
2021-07-05,East,2.45,123,Low
2021-07-12,East,2.65,139,Low
2021-07-19,East,2.08,79,Low
2021-07-26,East,1.78,78,Low
2021-08-02,East,2.75,113,Low
2021-08-09,East,1.99,78,Low
2021-08-16,East,2.2,117,Low
2021-08-23,East,2.64,144,Low
2021-08-30,East,2.06,83,Low
2021-09-06,East,2.72,131,Low
2021-09-13,East,2.15,85,Low
2021-09-20,East,2.11,82,Low
2021-09-27,East,1.98,108,Low
2021-10-04,East,2.15,107,Low
2021-10-11,East,2.59,128,Low
2021-10-18,East,2.2,115,Low
2021-10-25,East,2.75,104,Low
2021-11-01,East,2.4,129,Low
2021-11-08,East,2.43,112,Low
2021-11-15,East,2.1,81,Low
2021-11-22,East,2.81,141,Low
2021-11-29,East,2.65,107,Low
2021-12-06,East,2.64,109,Low
2021-12-13,East,2.33,110,Low
2021-12-20,East,4.28,209,Medium
2021-12-27,East,4.64,219,Medium
2022-01-03,East,7.38,299,High
2022-01-10,East,6.9,351,High
2022-01-17,East,11.81,633,Very High
2022-01-24,East,11.01,592,Very High
2022-01-31,East,9.7,369,Very High
2022-02-07,East,8.68,346,Very High
2022-02-14,East,7.48,329,High
2022-02-21,East,7.31,376,High
2022-02-28,East,6.81,275,High
2022-03-07,East,6.52,249,High
2022-03-14,East,5.05,220,Medium
2022-03-21,East,4.72,244,Medium
2022-03-28,East,4.3,214,Medium
2022-04-04,East,4.26,220,Medium
2022-04-11,East,3.76,155,Medium
2022-04-18,East,3.97,183,Medium
2022-04-25,East,3.71,148,Medium
2022-05-02,East,3.87,153,Medium
2022-05-09,East,3.71,149,Medium
2022-05-16,East,4.15,177,Medium
2022-05-23,East,4.19,182,Medium
2022-05-30,East,4.07,193,Medium
2022-06-06,East,3.73,160,Medium
2022-06-13,East,3.53,167,Medium
2022-06-20,East,4.19,216,Medium
2022-06-27,East,3.96,182,Medium
2022-07-04,East,3.33,158,Medium
2022-07-11,East,4.01,185,Medium
2022-07-18,East,4.08,210,Medium
2022-07-25,East,3.43,148,Medium
2022-08-01,East,4.15,160,Medium
2022-08-08,East,3.47,173,Medium
2022-08-15,East,3.7,170,Medium
2022-08-22,East,3.47,145,Medium
2022-08-29,East,3.66,186,Medium
2022-09-05,East,3.54,142,Medium
2022-09-12,East,4.32,207,Medium
2022-09-19,East,3.88,194,Medium
2022-09-26,East,3.8,197,Medium
2022-10-03,East,4.36,205,Medium
2022-10-10,East,4.34,172,Medium
2022-10-17,East,3.83,147,Medium
2022-10-24,East,4.06,160,Medium
2022-10-31,East,3.76,183,Medium
2022-11-07,East,3.93,177,Medium
2022-11-14,East,3.59,162,Medium
2022-11-21,East,4.11,206,Medium
2022-11-28,East,4.37,202,Medium
2022-12-05,East,4.3,234,Medium
2022-12-12,East,3.98,184,Medium
2022-12-19,East,7.21,277,High
2022-12-26,East,7.42,322,High
2023-01-02,East,5.58,306,High
2023-01-09,East,4.78,185,Medium
2023-01-16,East,8.58,329,Very High
2023-01-23,East,9.03,354,Very High
2023-01-30,East,8.08,435,Very High
2023-02-06,East,7.18,348,High
2023-02-13,East,6.45,252,High
2023-02-20,East,5.05,200,Medium
2023-02-27,East,4.51,195,Medium
2023-03-06,East,4.38,198,Medium
2023-03-13,East,4.0,206,Medium
2023-03-20,East,3.11,162,Medium
2023-03-27,East,3.44,180,Medium
2023-04-03,East,3.22,134,Medium
2023-04-10,East,3.49,149,Medium
2023-04-17,East,3.23,135,Medium
2023-04-24,East,3.66,160,Medium
2023-05-01,East,2.95,156,Low
2023-05-08,East,2.68,125,Low
2023-05-15,East,3.62,188,Medium
2023-05-22,East,3.19,126,Medium
2023-05-29,East,3.04,150,Medium
2023-06-05,East,2.77,132,Low
2023-06-12,East,2.94,131,Low
2023-06-19,East,2.92,116,Low
2023-06-26,East,2.66,115,Low
2023-07-03,East,2.31,101,Low
2023-07-10,East,2.91,134,Low
2023-07-17,East,3.32,163,Medium
2023-07-24,East,3.51,153,Medium
2023-07-31,East,3.4,163,Medium
2023-08-07,East,3.43,149,Medium
2023-08-14,East,2.69,131,Low
2023-08-21,East,3.15,143,Medium
2023-08-28,East,3.25,125,Medium
2023-09-04,East,3.27,133,Medium
2023-09-11,East,3.03,137,Medium
2023-09-18,East,3.1,166,Medium
2023-09-25,East,3.77,204,Medium
2023-10-02,East,3.39,178,Medium
2023-10-09,East,3.23,153,Medium
2023-10-16,East,3.3,163,Medium
2023-10-23,East,2.9,156,Low
2023-10-30,East,3.28,139,Medium
2023-11-06,East,3.1,154,Medium
2023-11-13,East,3.35,129,Medium
2023-11-20,East,2.82,151,Low
2023-11-27,East,3.32,132,Medium
2023-12-04,East,2.94,144,Low
2023-12-11,East,3.32,173,Medium
2023-12-18,East,6.18,330,High
2023-12-25,East,5.95,308,High
2024-01-01,East,6.33,267,High
2024-01-08,East,6.0,238,High
2024-01-15,East,10.26,413,Very High
2024-01-22,East,9.66,376,Very High
2024-01-29,East,9.13,383,Very High
2024-02-05,East,7.5,385,High
2024-02-12,East,7.43,389,High
2024-02-19,East,6.58,288,High
2024-02-26,East,5.48,245,Medium
2024-03-04,East,5.01,235,Medium
2024-03-11,East,4.14,219,Medium
2024-03-18,East,4.26,221,Medium
2024-03-25,East,3.58,169,Medium
2024-04-01,East,2.75,116,Low
2024-04-08,East,4.04,191,Medium
2024-04-15,East,3.18,138,Medium
2024-04-22,East,3.48,167,Medium
2024-04-29,East,3.56,146,Medium
2024-05-06,East,3.64,161,Medium
2024-05-13,East,3.48,152,Medium
2024-05-20,East,3.57,181,Medium
2024-05-27,East,3.38,175,Medium
2024-06-03,East,2.95,140,Low
2024-06-10,East,3.46,133,Medium
2024-06-17,East,3.68,189,Medium
2024-06-24,East,3.13,166,Medium
2024-07-01,East,3.54,182,Medium
2024-07-08,East,4.12,212,Medium
2024-07-15,East,3.44,147,Medium
2024-07-22,East,3.46,177,Medium
2024-07-29,East,2.92,126,Low
2024-08-05,East,3.09,168,Medium
2024-08-12,East,3.19,145,Medium
2024-08-19,East,3.67,165,Medium
2024-08-26,East,3.15,142,Medium
2024-09-02,East,2.82,150,Low
2024-09-09,East,3.61,171,Medium
2024-09-16,East,3.22,160,Medium
2024-09-23,East,2.94,139,Low
2024-09-30,East,3.71,188,Medium
2024-10-07,East,3.34,169,Medium
2024-10-14,East,3.64,169,Medium
2024-10-21,East,2.92,111,Low
2024-10-28,East,2.7,130,Low
2024-11-04,East,3.51,182,Medium
2024-11-11,East,3.08,156,Medium
2024-11-18,East,3.51,184,Medium
2024-11-25,East,3.51,167,Medium
2024-12-02,East,3.47,169,Medium
2024-12-09,East,3.84,182,Medium
2024-12-16,East,7.9,409,High
2024-12-23,East,6.9,294,High
2024-12-30,East,7.13,356,High
2025-01-06,East,6.1,332,High
2025-01-13,East,11.33,575,Very High
2025-01-20,East,10.37,424,Very High
2025-01-27,East,9.77,498,Very High
2025-02-03,East,8.94,471,Very High
2025-02-10,East,8.75,389,Very High
2025-02-17,East,7.13,323,High
2025-02-24,East,6.65,269,High
2025-03-03,East,5.4,249,Medium
2025-03-10,East,4.79,183,Medium
2025-03-17,East,4.01,163,Medium
2025-03-24,East,4.94,254,Medium
2025-03-31,East,4.57,219,Medium
2025-04-07,East,4.01,173,Medium
2025-04-14,East,3.78,178,Medium
2025-04-21,East,3.85,160,Medium
2025-04-28,East,3.33,153,Medium
2025-05-05,East,3.95,216,Medium
2025-05-12,East,4.25,222,Medium
2025-05-19,East,4.26,202,Medium
2025-05-26,East,3.22,150,Medium
2025-06-02,East,4.15,213,Medium
2025-06-09,East,3.31,177,Medium
2025-06-16,East,3.02,140,Medium
2025-06-23,East,4.16,193,Medium
2025-06-30,East,3.59,147,Medium
2025-07-07,East,4.11,212,Medium
2025-07-14,East,4.07,188,Medium
2025-07-21,East,4.02,173,Medium
2025-07-28,East,3.8,153,Medium
2025-08-04,East,3.34,152,Medium
2025-08-11,East,3.67,163,Medium
2025-08-18,East,4.27,180,Medium
2025-08-25,East,4.12,161,Medium
2025-09-01,East,3.68,189,Medium
2025-09-08,East,3.68,184,Medium
2025-09-15,East,3.99,205,Medium
2025-09-22,East,3.82,176,Medium
2025-09-29,East,3.7,159,Medium
2025-10-06,East,3.96,172,Medium
2025-10-13,East,3.94,155,Medium
2025-10-20,East,3.55,194,Medium
2025-10-27,East,3.89,176,Medium
2025-11-03,East,3.92,157,Medium
2025-11-10,East,3.77,157,Medium
2025-11-17,East,3.51,133,Medium
2025-11-24,East,3.65,154,Medium
2025-12-01,East,3.44,144,Medium
2025-12-08,East,3.9,169,Medium
2025-12-15,East,6.99,371,High
2025-12-22,East,7.96,396,High
2025-12-29,East,7.59,309,High
2026-01-05,East,7.37,401,High
2026-01-12,East,7.02,300,High
2026-01-19,East,12.01,627,Very High
2026-01-26,East,10.91,518,Very High
2026-02-02,East,9.79,483,Very High
2026-02-09,East,8.69,358,Very High
2026-02-16,East,8.32,452,Very High
2026-02-23,East,6.56,295,High
2026-03-02,East,5.78,225,High
2026-03-09,East,5.78,240,High
2026-03-16,East,5.27,247,Medium
2026-03-23,East,4.53,174,Medium
2026-03-30,East,4.58,187,Medium
2026-04-06,East,4.48,227,Medium
2026-04-13,East,3.7,165,Medium
2026-04-20,East,4.57,240,Medium
2026-04-27,East,4.31,179,Medium
2026-05-04,East,4.22,174,Medium
2026-05-11,East,4.29,169,Medium
2026-05-18,East,4.16,187,Medium
2026-05-25,East,4.02,156,Medium
2026-06-01,East,3.37,180,Medium
2026-06-08,East,4.1,203,Medium
2026-06-15,East,3.57,160,Medium
2026-06-22,East,4.75,191,Medium
2026-06-29,East,4.01,191,Medium
2026-07-06,East,4.75,229,Medium
2026-07-13,East,4.1,180,Medium
2026-07-20,East,3.84,203,Medium
2026-07-27,East,4.51,214,Medium
2026-08-03,East,4.19,163,Medium
2026-08-10,East,4.91,200,Medium
